{
  "images" : [
    {
      "resizing" : {
        "mode" : "3-part-horizontal",
        "center" : {
          "mode" : "fill",
          "width" : 1
        },
        "capInsets" : {
          "right" : 5,
          "left" : 5
        }
      },
      "idiom" : "universal",
      "filename" : "PriceButton.png",
      "scale" : "1x"
    },
    {
      "resizing" : {
        "mode" : "3-part-horizontal",
        "center" : {
          "mode" : "fill",
          "width" : 1
        },
        "capInsets" : {
          "right" : 11,
          "left" : 10
        }
      },
      "idiom" : "universal",
      "filename" : "PriceButton@2x.png",
      "scale" : "2x"
    },
    {
      "resizing" : {
        "mode" : "3-part-horizontal",
        "center" : {
          "mode" : "fill",
          "width" : 1
        },
        "capInsets" : {
          "right" : 16,
          "left" : 16
        }
      },
      "idiom" : "universal",
      "filename" : "PriceButton@3x.png",
      "scale" : "3x"
    }
  ],
  "info" : {
    "version" : 1,
    "author" : "xcode",
    "template-rendering-intent" : "template"
  }
}